model,device_name,context_length,gen_tokens,total_tokens,baseline_alloc_mb,baseline_reserved_mb,after_tokenize_alloc_mb,after_tokenize_reserved_mb,after_generate_alloc_mb,after_generate_reserved_mb,peak_alloc_mb,peak_reserved_mb,tokenize_delta_alloc_mb,generate_delta_alloc_mb,total_delta_alloc_mb,kv_cache_alloc_mb,kv_cache_reserved_mb,memory_per_token_alloc_mb,memory_per_token_reserved_mb,util_after_percent_alloc,util_peak_percent_alloc,util_peak_percent_reserved,total_gpu_memory_mb
openai/gpt-oss-20b,NVIDIA H100 NVL,128,64,192,39893.65478515625,40050.0,39893.65673828125,40050.0,39934.65673828125,40356.0,40118.57568359375,40356.0,0.001953125,41.0,41.001953125,224.9189453125,306.0,1.1714528401692708,1.59375,41.89546944707813,42.08841890961081,42.33750088517857,95319.75
openai/gpt-oss-20b,NVIDIA H100 NVL,512,64,576,39925.65478515625,40082.0,39925.66259765625,40082.0,39952.66259765625,41190.0,40714.71337890625,41190.0,0.0078125,27.0,27.0078125,789.05078125,1108.0,1.3698798285590277,1.9236111111111112,41.91435940364536,42.71382728018721,43.212450725059604,95319.75
openai/gpt-oss-20b,NVIDIA H100 NVL,1024,64,1088,39925.65478515625,40082.0,39925.67041015625,40082.0,39997.20166015625,42536.0,41569.27197265625,42536.0,0.015625,71.53125,71.546875,1643.6015625,2454.0,1.5106632008272058,2.255514705882353,41.96108535760559,43.6103451516147,44.624540034987504,95319.75
openai/gpt-oss-20b,NVIDIA H100 NVL,2048,64,2112,39925.65478515625,40082.0,39925.68603515625,40082.0,40024.68603515625,45202.0,43479.88916015625,45202.0,0.03125,99.0,99.03125,3554.203125,5120.0,1.682861328125,2.4242424242424243,41.989919229914314,45.61477465074788,47.421442041129986,95319.75
