model,device_name,context_length,gen_tokens,total_tokens,baseline_alloc_mb,baseline_reserved_mb,after_tokenize_alloc_mb,after_tokenize_reserved_mb,after_generate_alloc_mb,after_generate_reserved_mb,peak_alloc_mb,peak_reserved_mb,tokenize_delta_alloc_mb,generate_delta_alloc_mb,total_delta_alloc_mb,kv_cache_alloc_mb,kv_cache_reserved_mb,memory_per_token_alloc_mb,memory_per_token_reserved_mb,util_after_percent_alloc,util_peak_percent_alloc,util_peak_percent_reserved,total_gpu_memory_mb
01-ai/Yi-34B,NVIDIA H100 NVL,128,64,192,65593.65478515625,65594.0,65593.65673828125,65594.0,65670.65673828125,65718.0,65686.83740234375,65718.0,0.001953125,77.0,77.001953125,93.1806640625,124.0,0.4853159586588542,0.6458333333333334,68.89512062115276,68.91209576435497,68.9447884619924,95319.75
01-ai/Yi-34B,NVIDIA H100 NVL,512,64,576,65625.65478515625,65626.0,65625.66259765625,65626.0,65766.06689453125,65976.0,65849.86865234375,65976.0,0.0078125,140.404296875,140.412109375,224.2060546875,350.0,0.3892466227213542,0.6076388888888888,68.99521546639731,69.08313193471841,69.21545639807071,95319.75
01-ai/Yi-34B,NVIDIA H100 NVL,1024,64,1088,65625.65478515625,65626.0,65625.67041015625,65626.0,65883.06494140625,66240.0,66042.17822265625,66240.0,0.015625,257.39453125,257.41015625,416.5078125,614.0,0.38281968060661764,0.5643382352941176,69.11795817908278,69.28488400636411,69.49241893731362,95319.75
01-ai/Yi-34B,NVIDIA H100 NVL,2048,64,2112,65625.65478515625,65626.0,65625.68603515625,65626.0,66120.68603515625,66792.0,66458.70166015625,66792.0,0.03125,495.0,495.03125,833.015625,1166.0,0.39442027698863635,0.5520833333333334,69.36724659386564,69.72185896433452,70.0715224284579,95319.75
