decoding_method,max_new_tokens,mean_new_tokens,mean_time_s,mean_tokps,model,p50_new_tokens,p50_time_s,p50_tokps,p95_time_s,p95_tokps,runs,throughput_scope
Greedy,64,64.0,1.6330897808074951,39.196045255035486,openai/gpt-oss-20b,64,1.6221954822540283,39.452705114843795,1.675607442855835,39.465726984993246,5,prefill+decode
Top-p (0.9),64,64.0,1.653404712677002,38.708042642726625,openai/gpt-oss-20b,64,1.6534864902496338,38.706091871568695,1.6562347412109375,38.74866653049647,5,prefill+decode
Top-k (50),64,64.0,1.6427425384521483,38.95926723124724,openai/gpt-oss-20b,64,1.642345666885376,38.968653974880155,1.644571304321289,39.00831069532285,5,prefill+decode
High Temp,64,64.0,1.679194688796997,38.153500218335935,openai/gpt-oss-20b,64,1.6522548198699951,38.73494525804181,1.7904691696166992,38.83341205560314,5,prefill+decode
Low Temp,64,64.0,1.6601323127746581,38.55255818395349,openai/gpt-oss-20b,64,1.6574406623840332,38.61375037580141,1.6738486289978027,38.81611674068084,5,prefill+decode
