model,device,gpu_index,context_length,gen_tokens,num_runs,ttft_ms,ttft_joules,decode_tokens_per_second,total_tokens_per_second,avg_gpu_power_watts,baseline_gpu_power_watts,avg_gpu_utilization_percent,avg_memory_utilization_percent,baseline_gpu_utilization_percent,baseline_memory_utilization_percent,energy_per_decoded_token_joules,energy_per_1k_decoded_tokens_joules,energy_per_total_token_joules
Qwen/Qwen3-32B,cuda:0,0,128,64,5,59.38720703125,6.5337805175781245,26.71536580915499,80.14609742746497,274.019,98.25,75.2,48.9,1.0,0.0,10.256981018245966,10256.981018245966,3.4189936727486554
Qwen/Qwen3-32B,cuda:0,0,512,64,5,117.26975440979004,31.3884224653244,24.164036219230393,217.47632597307353,297.08900000000006,279.34,88.4,51.0,86.0,56.0,12.294676158595086,12294.676158595086,1.3660751287327875
Qwen/Qwen3-32B,cuda:0,0,1024,64,5,194.66423988342285,57.08042173981667,25.409855968811268,431.96755146979154,304.929,293.17,89.3,53.2,88.0,56.0,12.000422213108092,12000.422213108091,0.7059071890063583
Qwen/Qwen3-32B,cuda:0,0,2048,64,5,369.4641590118408,114.57822499275208,23.73247492297645,783.1716724582229,312.204,303.5,91.5,54.4,89.0,57.0,13.155138729241491,13155.138729241491,0.39864056755277244
