model,device,gpu_index,context_length,gen_tokens,num_runs,ttft_ms,ttft_joules,decode_tokens_per_second,total_tokens_per_second,avg_gpu_power_watts,baseline_gpu_power_watts,avg_gpu_utilization_percent,avg_memory_utilization_percent,baseline_gpu_utilization_percent,baseline_memory_utilization_percent,energy_per_decoded_token_joules,energy_per_1k_decoded_tokens_joules,energy_per_total_token_joules
openai/gpt-oss-20b,cuda:0,0,128,64,5,61.02299690246582,6.4516563475131985,39.78926923763098,119.36780771289294,265.499,102.46,65.5,47.7,1.0,1.0,6.672628200693429,6672.62820069343,2.224209400231143
openai/gpt-oss-20b,cuda:0,0,512,64,5,188.9798641204834,50.870544723272324,38.18375830813785,343.6538247732406,279.447,278.98,70.2,48.8,72.0,52.0,7.3184781273990875,7318.4781273990875,0.8131642363776764
openai/gpt-oss-20b,cuda:0,0,1024,64,5,203.55749130249023,54.569692268371575,36.201272665389034,615.4216353116136,288.742,283.1,74.5,50.6,35.0,25.0,7.976017933647335,7976.017933647335,0.46917752550866676
openai/gpt-oss-20b,cuda:0,0,2048,64,5,459.7179889678955,143.6181983435154,31.270720348217548,1031.9337714911792,305.3349999999999,291.23,71.9,45.8,76.0,52.0,9.764245805658398,9764.245805658398,0.29588623653510293
