model,device,gpu_index,context_length,gen_tokens,num_runs,ttft_ms,ttft_joules,decode_tokens_per_second,total_tokens_per_second,avg_gpu_power_watts,baseline_gpu_power_watts,avg_gpu_utilization_percent,avg_memory_utilization_percent,baseline_gpu_utilization_percent,baseline_memory_utilization_percent,energy_per_decoded_token_joules,energy_per_1k_decoded_tokens_joules,energy_per_total_token_joules
01-ai/Yi-34B,cuda:0,0,128,64,5,54.4283390045166,6.111486045122146,31.662418085788772,94.98725425736632,324.021,107.86,87.8,63.2,1.0,0.0,10.233615105519444,10233.615105519444,3.411205035173148
01-ai/Yi-34B,cuda:0,0,512,64,5,110.2445125579834,36.85088199019432,30.548687105727605,274.93818395154847,350.11,339.2,96.7,66.0,56.0,38.0,11.460721660092473,11460.721660092473,1.2734135177880526
01-ai/Yi-34B,cuda:0,0,1024,64,5,192.46292114257812,65.8357914352417,28.952566342665097,492.19362782530663,350.26800000000003,342.85,96.1,65.5,80.0,57.0,12.097994901537897,12097.994901537897,0.7116467589139939
01-ai/Yi-34B,cuda:0,0,2048,64,5,368.33953857421875,127.65359218597412,26.301980973245815,867.965372117112,354.139,349.85,98.1,64.3,97.0,69.0,13.464347052802891,13464.34705280289,0.40801051675160277
